{"cameraMode":{"drawMode":0,"name":"Shaded","section":"Shading Mode"},"sceneLighting":false,"audioPlay":false,"sceneViewState":{"showFog":true,"showMaterialUpdate":false,"showSkybox":false,"showFlares":true,"showImageEffects":true,"showParticleSystems":true},"in2DMode":false,"pivot":{"x":0.41182613372802737,"y":-0.06437110900878906,"z":-13.938117980957032},"rotation":{"x":0.16724088788032533,"y":0.8308973908424377,"z":-0.3433001637458801,"w":0.4047565758228302},"size":1.5339720249176026,"orthographic":false}